INSERT INTO STUDENTS (ID, FIRST_NAME, LAST_NAME) VALUES (10001,'Patricia', 'Pascual');
INSERT INTO STUDENTS (ID, FIRST_NAME, LAST_NAME) VALUES (10002,'Eduardo', 'Castro');
INSERT INTO STUDENTS (ID, FIRST_NAME, LAST_NAME) VALUES (10003,'Lorena', 'Gutierrez');
INSERT INTO STUDENTS (ID, FIRST_NAME, LAST_NAME) VALUES (10004,'Andres', 'Molina');
INSERT INTO STUDENTS (ID, FIRST_NAME, LAST_NAME) VALUES (10005,'Pablo', 'Hernandez');
INSERT INTO STUDENTS (ID, FIRST_NAME, LAST_NAME) VALUES (10006,'Cristina', 'Martin');
INSERT INTO STUDENTS (ID, FIRST_NAME, LAST_NAME) VALUES (10007,'Ricardo', 'Serrano');
INSERT INTO STUDENTS (ID, FIRST_NAME, LAST_NAME) VALUES (10008,'Silvia', 'Navarro');
INSERT INTO STUDENTS (ID, FIRST_NAME, LAST_NAME) VALUES (10009,'Carlos', 'Ruiz');
INSERT INTO STUDENTS (ID, FIRST_NAME, LAST_NAME) VALUES (10010,'Joaquin', 'Blanco');
INSERT INTO STUDENTS (ID, FIRST_NAME, LAST_NAME) VALUES (10011,'Veronica', 'Perez');
INSERT INTO STUDENTS (ID, FIRST_NAME, LAST_NAME) VALUES (10012,'Victor', 'Fernandez');
INSERT INTO STUDENTS (ID, FIRST_NAME, LAST_NAME) VALUES (10013,'Raul', 'Sanchez');
INSERT INTO STUDENTS (ID, FIRST_NAME, LAST_NAME) VALUES (10014,'Marina', 'Suarez');
INSERT INTO STUDENTS (ID, FIRST_NAME, LAST_NAME) VALUES (10015,'Hector', 'Garcia');
INSERT INTO STUDENTS (ID, FIRST_NAME, LAST_NAME) VALUES (10016,'Nuria', 'Lopez');
INSERT INTO STUDENTS (ID, FIRST_NAME, LAST_NAME) VALUES (10017,'Pedro', 'Gonzalez');
INSERT INTO STUDENTS (ID, FIRST_NAME, LAST_NAME) VALUES (10018,'Paula', 'Vazquez');
INSERT INTO STUDENTS (ID, FIRST_NAME, LAST_NAME) VALUES (10019,'Alberto', 'Romero');
INSERT INTO STUDENTS (ID, FIRST_NAME, LAST_NAME) VALUES (10020,'Adela', 'Serrano');
INSERT INTO STUDENTS (ID, FIRST_NAME, LAST_NAME) VALUES (10021,'Esteban', 'Moreno');
INSERT INTO STUDENTS (ID, FIRST_NAME, LAST_NAME) VALUES (10022,'Lidia', 'Jimenez');
INSERT INTO STUDENTS (ID, FIRST_NAME, LAST_NAME) VALUES (10023,'Ricardo', 'Perez');
INSERT INTO STUDENTS (ID, FIRST_NAME, LAST_NAME) VALUES (10024,'Susana', 'Torres');
INSERT INTO STUDENTS (ID, FIRST_NAME, LAST_NAME) VALUES (10025,'Rafael', 'Gonzalez');
INSERT INTO STUDENTS (ID, FIRST_NAME, LAST_NAME) VALUES (10026,'Esther', 'Alvarez');
INSERT INTO STUDENTS (ID, FIRST_NAME, LAST_NAME) VALUES (10027,'Felipe', 'Hernandez');
INSERT INTO STUDENTS (ID, FIRST_NAME, LAST_NAME) VALUES (10028,'Begona', 'Ramos');
INSERT INTO STUDENTS (ID, FIRST_NAME, LAST_NAME) VALUES (10029,'Antonio', 'Castro');
INSERT INTO STUDENTS (ID, FIRST_NAME, LAST_NAME) VALUES (10030,'Adriana', 'Ruiz');
INSERT INTO STUDENTS (ID, FIRST_NAME, LAST_NAME) VALUES (10031,'Jose Luis', 'Sanchez');
INSERT INTO STUDENTS (ID, FIRST_NAME, LAST_NAME) VALUES (10032,'Lola', 'Garcia');
INSERT INTO STUDENTS (ID, FIRST_NAME, LAST_NAME) VALUES (10033,'Manuel', 'Torres');
INSERT INTO STUDENTS (ID, FIRST_NAME, LAST_NAME) VALUES (10034,'Alicia', 'Molina');
INSERT INTO STUDENTS (ID, FIRST_NAME, LAST_NAME) VALUES (10035,'Simon', 'Vazquez');
INSERT INTO STUDENTS (ID, FIRST_NAME, LAST_NAME) VALUES (10036,'Pedro', 'Romero');
INSERT INTO STUDENTS (ID, FIRST_NAME, LAST_NAME) VALUES (10037,'Julia', 'Fernandez');
INSERT INTO STUDENTS (ID, FIRST_NAME, LAST_NAME) VALUES (10038,'Carlos', 'Serrano');
INSERT INTO STUDENTS (ID, FIRST_NAME, LAST_NAME) VALUES (10039,'Elena', 'Navarro');
INSERT INTO STUDENTS (ID, FIRST_NAME, LAST_NAME) VALUES (10040,'Felix', 'Martin');
INSERT INTO STUDENTS (ID, FIRST_NAME, LAST_NAME) VALUES (10042,'Rosa', 'Perez');
INSERT INTO STUDENTS (ID, FIRST_NAME, LAST_NAME) VALUES (10043,'Angel', 'Torres');
INSERT INTO STUDENTS (ID, FIRST_NAME, LAST_NAME) VALUES (10044,'Lourdes', 'Lopez');
INSERT INTO STUDENTS (ID, FIRST_NAME, LAST_NAME) VALUES (10045,'Julio', 'Morales');
INSERT INTO STUDENTS (ID, FIRST_NAME, LAST_NAME) VALUES (10046,'Violeta', 'Gutierrez');
INSERT INTO STUDENTS (ID, FIRST_NAME, LAST_NAME) VALUES (10047,'Marcos', 'Martinez');
INSERT INTO STUDENTS (ID, FIRST_NAME, LAST_NAME) VALUES (10048,'Paula', 'Diaz');
INSERT INTO STUDENTS (ID, FIRST_NAME, LAST_NAME) VALUES (10049,'Miguel Angel', 'Serrano');
INSERT INTO STUDENTS (ID, FIRST_NAME, LAST_NAME) VALUES (10050,'Beatriz', 'Jimenez');
INSERT INTO STUDENTS (ID, FIRST_NAME, LAST_NAME) VALUES (10051,'Diana', 'Hernandez');
INSERT INTO STUDENTS (ID, FIRST_NAME, LAST_NAME) VALUES (10052,'Cristian', 'Gonzalez');
INSERT INTO STUDENTS (ID, FIRST_NAME, LAST_NAME) VALUES (10053,'Veronica', 'Lopez');
INSERT INTO STUDENTS (ID, FIRST_NAME, LAST_NAME) VALUES (10054,'Oscar', 'Romero');
INSERT INTO STUDENTS (ID, FIRST_NAME, LAST_NAME) VALUES (10055,'Cesar', 'Torres');
INSERT INTO STUDENTS (ID, FIRST_NAME, LAST_NAME) VALUES (10056,'Ines', 'Suarez');
INSERT INTO STUDENTS (ID, FIRST_NAME, LAST_NAME) VALUES (10057,'Juan Carlos', 'Gonzalez');
INSERT INTO STUDENTS (ID, FIRST_NAME, LAST_NAME) VALUES (10058,'Margarita', 'Alvarez');
INSERT INTO STUDENTS (ID, FIRST_NAME, LAST_NAME) VALUES (10059,'Marcelo', 'Perez');
INSERT INTO STUDENTS (ID, FIRST_NAME, LAST_NAME) VALUES (10060,'Jose Antonio', 'Sanchez');
INSERT INTO STUDENTS (ID, FIRST_NAME, LAST_NAME) VALUES (10061,'Patricia', 'Serrano');
INSERT INTO STUDENTS (ID, FIRST_NAME, LAST_NAME) VALUES (10062,'Rafael', 'Martinez');
INSERT INTO STUDENTS (ID, FIRST_NAME, LAST_NAME) VALUES (10063,'Marta', 'Gonzalez');
INSERT INTO STUDENTS (ID, FIRST_NAME, LAST_NAME) VALUES (10064,'Luis Miguel', 'Lopez');
INSERT INTO STUDENTS (ID, FIRST_NAME, LAST_NAME) VALUES (10065,'Pedro', 'Moreno');
INSERT INTO STUDENTS (ID, FIRST_NAME, LAST_NAME) VALUES (10066,'Salvador', 'Ruiz');
INSERT INTO STUDENTS (ID, FIRST_NAME, LAST_NAME) VALUES (10067,'Raquel', 'Hernandez');
INSERT INTO STUDENTS (ID, FIRST_NAME, LAST_NAME) VALUES (10068,'Ricardo', 'Alvarez');
INSERT INTO STUDENTS (ID, FIRST_NAME, LAST_NAME) VALUES (10069,'Antonio', 'Gonzalez');
INSERT INTO STUDENTS (ID, FIRST_NAME, LAST_NAME) VALUES (10070,'David', 'Lopez');
INSERT INTO STUDENTS (ID, FIRST_NAME, LAST_NAME) VALUES (10071,'Lorena', 'Sanchez');
INSERT INTO STUDENTS (ID, FIRST_NAME, LAST_NAME) VALUES (10072,'Santiago', 'Torres');
INSERT INTO STUDENTS (ID, FIRST_NAME, LAST_NAME) VALUES (10073,'Elena', 'Perez');
INSERT INTO STUDENTS (ID, FIRST_NAME, LAST_NAME) VALUES (10074,'Marcos', 'Garcia');
INSERT INTO STUDENTS (ID, FIRST_NAME, LAST_NAME) VALUES (10075,'Cristina', 'Romero');
INSERT INTO STUDENTS (ID, FIRST_NAME, LAST_NAME) VALUES (10076,'Paola', 'Serrano');
INSERT INTO STUDENTS (ID, FIRST_NAME, LAST_NAME) VALUES (10077,'Fabian', 'Jimenez');
INSERT INTO STUDENTS (ID, FIRST_NAME, LAST_NAME) VALUES (10078,'Cristina', 'Diaz');
INSERT INTO STUDENTS (ID, FIRST_NAME, LAST_NAME) VALUES (10079,'Marta', 'Torres');
INSERT INTO STUDENTS (ID, FIRST_NAME, LAST_NAME) VALUES (10080,'Alejandro', 'Perez');
INSERT INTO STUDENTS (ID, FIRST_NAME, LAST_NAME) VALUES (10081,'Maria Jose', 'Gonzalez');
INSERT INTO STUDENTS (ID, FIRST_NAME, LAST_NAME) VALUES (10082,'Luis', 'Martin');
INSERT INTO STUDENTS (ID, FIRST_NAME, LAST_NAME) VALUES (10083,'Marta', 'Morales');
INSERT INTO STUDENTS (ID, FIRST_NAME, LAST_NAME) VALUES (10084,'Barbara', 'Alvarez');
INSERT INTO STUDENTS (ID, FIRST_NAME, LAST_NAME) VALUES (10085,'Felipe', 'Gutierrez');
INSERT INTO STUDENTS (ID, FIRST_NAME, LAST_NAME) VALUES (10086,'Patricia', 'Torres');
INSERT INTO STUDENTS (ID, FIRST_NAME, LAST_NAME) VALUES (10087,'Rocio', 'Romero');
INSERT INTO STUDENTS (ID, FIRST_NAME, LAST_NAME) VALUES (10088,'Juliana', 'Serrano');
INSERT INTO STUDENTS (ID, FIRST_NAME, LAST_NAME) VALUES (10089,'Carlos Alberto', 'Gomez');
INSERT INTO STUDENTS (ID, FIRST_NAME, LAST_NAME) VALUES (10090,'Alma', 'Lopez');
INSERT INTO STUDENTS (ID, FIRST_NAME, LAST_NAME) VALUES (10091,'Pedro', 'Vazquez');
INSERT INTO STUDENTS (ID, FIRST_NAME, LAST_NAME) VALUES (10092,'Lidia', 'Torres');
INSERT INTO STUDENTS (ID, FIRST_NAME, LAST_NAME) VALUES (10093,'Ricardo', 'Molina');
INSERT INTO STUDENTS (ID, FIRST_NAME, LAST_NAME) VALUES (10094,'Marcos', 'Serrano');
INSERT INTO STUDENTS (ID, FIRST_NAME, LAST_NAME) VALUES (10095,'Antonio Jose', 'Garcia');
INSERT INTO STUDENTS (ID, FIRST_NAME, LAST_NAME) VALUES (10096,'Angela', 'Romero');
INSERT INTO STUDENTS (ID, FIRST_NAME, LAST_NAME) VALUES (10097,'Jose Manuel', 'Perez');
INSERT INTO STUDENTS (ID, FIRST_NAME, LAST_NAME) VALUES (10098,'Ana Maria', 'Torres');
INSERT INTO STUDENTS (ID, FIRST_NAME, LAST_NAME) VALUES (10099,'Juan Antonio', 'Sanchez');
INSERT INTO STUDENTS (ID, FIRST_NAME, LAST_NAME) VALUES (10100,'Maria Teresa', 'Gonzalez');
INSERT INTO STUDENTS (ID, FIRST_NAME, LAST_NAME) VALUES (10101,'Jose Luis', 'Torres');
INSERT INTO STUDENTS (ID, FIRST_NAME, LAST_NAME) VALUES (10102,'Paula', 'Perez');

INSERT INTO TEACHERS (ID, FIRST_NAME, LAST_NAME) VALUES (20001, 'Ana', 'Gomez');
INSERT INTO TEACHERS (ID, FIRST_NAME, LAST_NAME) VALUES (20002, 'Carlos', 'Martinez');
INSERT INTO TEACHERS (ID, FIRST_NAME, LAST_NAME) VALUES (20003, 'Sofia', 'Rodriguez');
INSERT INTO TEACHERS (ID, FIRST_NAME, LAST_NAME) VALUES (20004, 'Luis', 'Perez');
INSERT INTO TEACHERS (ID, FIRST_NAME, LAST_NAME) VALUES (20005, 'Maria', 'Sanchez');
INSERT INTO TEACHERS (ID, FIRST_NAME, LAST_NAME) VALUES (20006, 'Juan', 'Fernandez');
INSERT INTO TEACHERS (ID, FIRST_NAME, LAST_NAME) VALUES (20007, 'Laura', 'Lopez');
INSERT INTO TEACHERS (ID, FIRST_NAME, LAST_NAME) VALUES (20008, 'Miguel', 'Garcia');
INSERT INTO TEACHERS (ID, FIRST_NAME, LAST_NAME) VALUES (20009, 'Isabel', 'Hernandez');
INSERT INTO TEACHERS (ID, FIRST_NAME, LAST_NAME) VALUES (20010, 'David', 'Morales');
INSERT INTO TEACHERS (ID, FIRST_NAME, LAST_NAME) VALUES (20011, 'Elena', 'Jimenez');
INSERT INTO TEACHERS (ID, FIRST_NAME, LAST_NAME) VALUES (20012, 'Javier', 'Ruiz');
INSERT INTO TEACHERS (ID, FIRST_NAME, LAST_NAME) VALUES (20013, 'Carmen', 'Diaz');
INSERT INTO TEACHERS (ID, FIRST_NAME, LAST_NAME) VALUES (20014, 'Francisco', 'Alvarez');
INSERT INTO TEACHERS (ID, FIRST_NAME, LAST_NAME) VALUES (20015, 'Teresa', 'Munoz');
INSERT INTO TEACHERS (ID, FIRST_NAME, LAST_NAME) VALUES (20016, 'Manuel', 'Vazquez');
INSERT INTO TEACHERS (ID, FIRST_NAME, LAST_NAME) VALUES (20017, 'Marta', 'Romero');
INSERT INTO TEACHERS (ID, FIRST_NAME, LAST_NAME) VALUES (20018, 'Antonio', 'Torres');
INSERT INTO TEACHERS (ID, FIRST_NAME, LAST_NAME) VALUES (20019, 'Raquel', 'Gil');
INSERT INTO TEACHERS (ID, FIRST_NAME, LAST_NAME) VALUES (20020, 'Jose', 'Serrano');

INSERT INTO STUDENTS_TEACHERS (ID_STUDENTS, ID_TEACHERS) VALUES (10001,20001);
INSERT INTO STUDENTS_TEACHERS (ID_STUDENTS, ID_TEACHERS) VALUES (10002,20001);
INSERT INTO STUDENTS_TEACHERS (ID_STUDENTS, ID_TEACHERS) VALUES (10003,20001);
INSERT INTO STUDENTS_TEACHERS (ID_STUDENTS, ID_TEACHERS) VALUES (10004,20001);
INSERT INTO STUDENTS_TEACHERS (ID_STUDENTS, ID_TEACHERS) VALUES (10005,20001);
INSERT INTO STUDENTS_TEACHERS (ID_STUDENTS, ID_TEACHERS) VALUES (10006,20002);
INSERT INTO STUDENTS_TEACHERS (ID_STUDENTS, ID_TEACHERS) VALUES (10007,20002);
INSERT INTO STUDENTS_TEACHERS (ID_STUDENTS, ID_TEACHERS) VALUES (10008,20002);
INSERT INTO STUDENTS_TEACHERS (ID_STUDENTS, ID_TEACHERS) VALUES (10009,20002);
INSERT INTO STUDENTS_TEACHERS (ID_STUDENTS, ID_TEACHERS) VALUES (10010,20002);
INSERT INTO STUDENTS_TEACHERS (ID_STUDENTS, ID_TEACHERS) VALUES (10011,20003);
INSERT INTO STUDENTS_TEACHERS (ID_STUDENTS, ID_TEACHERS) VALUES (10012,20003);
INSERT INTO STUDENTS_TEACHERS (ID_STUDENTS, ID_TEACHERS) VALUES (10013,20003);
INSERT INTO STUDENTS_TEACHERS (ID_STUDENTS, ID_TEACHERS) VALUES (10014,20003);
INSERT INTO STUDENTS_TEACHERS (ID_STUDENTS, ID_TEACHERS) VALUES (10015,20003);
INSERT INTO STUDENTS_TEACHERS (ID_STUDENTS, ID_TEACHERS) VALUES (10016,20004);
INSERT INTO STUDENTS_TEACHERS (ID_STUDENTS, ID_TEACHERS) VALUES (10017,20004);
INSERT INTO STUDENTS_TEACHERS (ID_STUDENTS, ID_TEACHERS) VALUES (10018,20004);
INSERT INTO STUDENTS_TEACHERS (ID_STUDENTS, ID_TEACHERS) VALUES (10019,20004);
INSERT INTO STUDENTS_TEACHERS (ID_STUDENTS, ID_TEACHERS) VALUES (10020,20004);
INSERT INTO STUDENTS_TEACHERS (ID_STUDENTS, ID_TEACHERS) VALUES (10021,20005);
INSERT INTO STUDENTS_TEACHERS (ID_STUDENTS, ID_TEACHERS) VALUES (10022,20005);
INSERT INTO STUDENTS_TEACHERS (ID_STUDENTS, ID_TEACHERS) VALUES (10023,20005);
INSERT INTO STUDENTS_TEACHERS (ID_STUDENTS, ID_TEACHERS) VALUES (10024,20005);
INSERT INTO STUDENTS_TEACHERS (ID_STUDENTS, ID_TEACHERS) VALUES (10025,20005);
INSERT INTO STUDENTS_TEACHERS (ID_STUDENTS, ID_TEACHERS) VALUES (10026,20006);
INSERT INTO STUDENTS_TEACHERS (ID_STUDENTS, ID_TEACHERS) VALUES (10027,20006);
INSERT INTO STUDENTS_TEACHERS (ID_STUDENTS, ID_TEACHERS) VALUES (10028,20006);
INSERT INTO STUDENTS_TEACHERS (ID_STUDENTS, ID_TEACHERS) VALUES (10029,20006);
INSERT INTO STUDENTS_TEACHERS (ID_STUDENTS, ID_TEACHERS) VALUES (10030,20006);
INSERT INTO STUDENTS_TEACHERS (ID_STUDENTS, ID_TEACHERS) VALUES (10031,20007);
INSERT INTO STUDENTS_TEACHERS (ID_STUDENTS, ID_TEACHERS) VALUES (10032,20007);
INSERT INTO STUDENTS_TEACHERS (ID_STUDENTS, ID_TEACHERS) VALUES (10033,20007);
INSERT INTO STUDENTS_TEACHERS (ID_STUDENTS, ID_TEACHERS) VALUES (10034,20007);
INSERT INTO STUDENTS_TEACHERS (ID_STUDENTS, ID_TEACHERS) VALUES (10035,20007);
INSERT INTO STUDENTS_TEACHERS (ID_STUDENTS, ID_TEACHERS) VALUES (10036,20008);
INSERT INTO STUDENTS_TEACHERS (ID_STUDENTS, ID_TEACHERS) VALUES (10037,20008);
INSERT INTO STUDENTS_TEACHERS (ID_STUDENTS, ID_TEACHERS) VALUES (10038,20008);
INSERT INTO STUDENTS_TEACHERS (ID_STUDENTS, ID_TEACHERS) VALUES (10039,20008);
INSERT INTO STUDENTS_TEACHERS (ID_STUDENTS, ID_TEACHERS) VALUES (10040,20008);
INSERT INTO STUDENTS_TEACHERS (ID_STUDENTS, ID_TEACHERS) VALUES (10042,20009);
INSERT INTO STUDENTS_TEACHERS (ID_STUDENTS, ID_TEACHERS) VALUES (10043,20009);
INSERT INTO STUDENTS_TEACHERS (ID_STUDENTS, ID_TEACHERS) VALUES (10044,20009);
INSERT INTO STUDENTS_TEACHERS (ID_STUDENTS, ID_TEACHERS) VALUES (10045,20009);
INSERT INTO STUDENTS_TEACHERS (ID_STUDENTS, ID_TEACHERS) VALUES (10046,20009);
INSERT INTO STUDENTS_TEACHERS (ID_STUDENTS, ID_TEACHERS) VALUES (10047,20010);
INSERT INTO STUDENTS_TEACHERS (ID_STUDENTS, ID_TEACHERS) VALUES (10048,20010);
INSERT INTO STUDENTS_TEACHERS (ID_STUDENTS, ID_TEACHERS) VALUES (10049,20010);
INSERT INTO STUDENTS_TEACHERS (ID_STUDENTS, ID_TEACHERS) VALUES (10050,20010);
INSERT INTO STUDENTS_TEACHERS (ID_STUDENTS, ID_TEACHERS) VALUES (10051,20010);
INSERT INTO STUDENTS_TEACHERS (ID_STUDENTS, ID_TEACHERS) VALUES (10052,20011);
INSERT INTO STUDENTS_TEACHERS (ID_STUDENTS, ID_TEACHERS) VALUES (10053,20011);
INSERT INTO STUDENTS_TEACHERS (ID_STUDENTS, ID_TEACHERS) VALUES (10054,20011);
INSERT INTO STUDENTS_TEACHERS (ID_STUDENTS, ID_TEACHERS) VALUES (10055,20011);
INSERT INTO STUDENTS_TEACHERS (ID_STUDENTS, ID_TEACHERS) VALUES (10056,20011);
INSERT INTO STUDENTS_TEACHERS (ID_STUDENTS, ID_TEACHERS) VALUES (10057,20012);
INSERT INTO STUDENTS_TEACHERS (ID_STUDENTS, ID_TEACHERS) VALUES (10058,20012);
INSERT INTO STUDENTS_TEACHERS (ID_STUDENTS, ID_TEACHERS) VALUES (10059,20012);
INSERT INTO STUDENTS_TEACHERS (ID_STUDENTS, ID_TEACHERS) VALUES (10060,20012);
INSERT INTO STUDENTS_TEACHERS (ID_STUDENTS, ID_TEACHERS) VALUES (10061,20012);
INSERT INTO STUDENTS_TEACHERS (ID_STUDENTS, ID_TEACHERS) VALUES (10062,20013);
INSERT INTO STUDENTS_TEACHERS (ID_STUDENTS, ID_TEACHERS) VALUES (10063,20013);
INSERT INTO STUDENTS_TEACHERS (ID_STUDENTS, ID_TEACHERS) VALUES (10064,20013);
INSERT INTO STUDENTS_TEACHERS (ID_STUDENTS, ID_TEACHERS) VALUES (10065,20013);
INSERT INTO STUDENTS_TEACHERS (ID_STUDENTS, ID_TEACHERS) VALUES (10066,20013);
INSERT INTO STUDENTS_TEACHERS (ID_STUDENTS, ID_TEACHERS) VALUES (10067,20014);
INSERT INTO STUDENTS_TEACHERS (ID_STUDENTS, ID_TEACHERS) VALUES (10068,20014);
INSERT INTO STUDENTS_TEACHERS (ID_STUDENTS, ID_TEACHERS) VALUES (10069,20014);
INSERT INTO STUDENTS_TEACHERS (ID_STUDENTS, ID_TEACHERS) VALUES (10070,20014);
INSERT INTO STUDENTS_TEACHERS (ID_STUDENTS, ID_TEACHERS) VALUES (10071,20014);
INSERT INTO STUDENTS_TEACHERS (ID_STUDENTS, ID_TEACHERS) VALUES (10072,20015);
INSERT INTO STUDENTS_TEACHERS (ID_STUDENTS, ID_TEACHERS) VALUES (10073,20015);
INSERT INTO STUDENTS_TEACHERS (ID_STUDENTS, ID_TEACHERS) VALUES (10074,20015);
INSERT INTO STUDENTS_TEACHERS (ID_STUDENTS, ID_TEACHERS) VALUES (10075,20015);
INSERT INTO STUDENTS_TEACHERS (ID_STUDENTS, ID_TEACHERS) VALUES (10076,20015);
INSERT INTO STUDENTS_TEACHERS (ID_STUDENTS, ID_TEACHERS) VALUES (10077,20016);
INSERT INTO STUDENTS_TEACHERS (ID_STUDENTS, ID_TEACHERS) VALUES (10078,20016);
INSERT INTO STUDENTS_TEACHERS (ID_STUDENTS, ID_TEACHERS) VALUES (10079,20016);
INSERT INTO STUDENTS_TEACHERS (ID_STUDENTS, ID_TEACHERS) VALUES (10080,20016);
INSERT INTO STUDENTS_TEACHERS (ID_STUDENTS, ID_TEACHERS) VALUES (10081,20016);
INSERT INTO STUDENTS_TEACHERS (ID_STUDENTS, ID_TEACHERS) VALUES (10082,20017);
INSERT INTO STUDENTS_TEACHERS (ID_STUDENTS, ID_TEACHERS) VALUES (10083,20017);
INSERT INTO STUDENTS_TEACHERS (ID_STUDENTS, ID_TEACHERS) VALUES (10084,20017);
INSERT INTO STUDENTS_TEACHERS (ID_STUDENTS, ID_TEACHERS) VALUES (10085,20017);
INSERT INTO STUDENTS_TEACHERS (ID_STUDENTS, ID_TEACHERS) VALUES (10086,20017);
INSERT INTO STUDENTS_TEACHERS (ID_STUDENTS, ID_TEACHERS) VALUES (10087,20018);
INSERT INTO STUDENTS_TEACHERS (ID_STUDENTS, ID_TEACHERS) VALUES (10088,20018);
INSERT INTO STUDENTS_TEACHERS (ID_STUDENTS, ID_TEACHERS) VALUES (10089,20018);
INSERT INTO STUDENTS_TEACHERS (ID_STUDENTS, ID_TEACHERS) VALUES (10090,20018);
INSERT INTO STUDENTS_TEACHERS (ID_STUDENTS, ID_TEACHERS) VALUES (10091,20018);
INSERT INTO STUDENTS_TEACHERS (ID_STUDENTS, ID_TEACHERS) VALUES (10092,20019);
INSERT INTO STUDENTS_TEACHERS (ID_STUDENTS, ID_TEACHERS) VALUES (10093,20019);
INSERT INTO STUDENTS_TEACHERS (ID_STUDENTS, ID_TEACHERS) VALUES (10094,20019);
INSERT INTO STUDENTS_TEACHERS (ID_STUDENTS, ID_TEACHERS) VALUES (10095,20019);
INSERT INTO STUDENTS_TEACHERS (ID_STUDENTS, ID_TEACHERS) VALUES (10096,20019);
INSERT INTO STUDENTS_TEACHERS (ID_STUDENTS, ID_TEACHERS) VALUES (10097,20020);
INSERT INTO STUDENTS_TEACHERS (ID_STUDENTS, ID_TEACHERS) VALUES (10098,20020);
INSERT INTO STUDENTS_TEACHERS (ID_STUDENTS, ID_TEACHERS) VALUES (10099,20020);
INSERT INTO STUDENTS_TEACHERS (ID_STUDENTS, ID_TEACHERS) VALUES (10100,20020);
INSERT INTO STUDENTS_TEACHERS (ID_STUDENTS, ID_TEACHERS) VALUES (10101,20020);